file_id,label,mean_centroid,mean_bandwidth,mean_rolloff,mean_zcr,mean_rms,mean_pitch_f0
vs_0035,REAL,1665.320670510079,1847.8907468548698,1316.0282258064517,0.12650175392627716,0.08152174204587936,268.17022705078125
vs_0036,REAL,629.0796202205918,655.4959953302551,573.210685483871,0.05089395120739937,0.02961541712284088,262.7010498046875
vs_0037,REAL,1668.1707963776544,1847.6055808616748,1309.475806451613,0.12646232545375824,0.08155179023742676,268.70867919921875
vs_0038,REAL,629.4805168614147,654.8013524827738,569.4304435483871,0.05080723762512207,0.029597539454698563,262.5765380859375
vs_0039,REAL,1664.2398232975488,1848.0035164595924,1306.0735887096773,0.12611547112464905,0.08152436465024948,271.3179016113281
vs_0040,REAL,625.7232534618462,655.240756917823,569.1784274193549,0.05129599571228027,0.02960456907749176,262.7010498046875
vs_0019,REAL,1644.458516449584,1849.1136580995656,1287.046370967742,0.12236306816339493,0.08099175244569778,268.3132629394531
vs_0020,REAL,620.2476670280414,655.1386692345626,568.5483870967741,0.04864724352955818,0.02915921062231064,267.0093688964844
vs_0021,REAL,1648.4953716621987,1854.3362671611526,1306.3256048387098,0.12379781156778336,0.08098998665809631,268.38702392578125
vs_0022,REAL,619.6090229149133,654.407400888435,561.6179435483871,0.04964052513241768,0.029144011437892914,267.0093688964844
vs_0023,REAL,1644.2700930428236,1852.4588604508162,1292.5907258064517,0.12416832149028778,0.08098798990249634,265.8843994140625
vs_0024,REAL,620.3505730847825,654.6980247217084,558.8457661290323,0.05046037584543228,0.029145102947950363,267.14605712890625
vs_0025,REAL,1645.7804709253585,1852.4429659758582,1288.054435483871,0.12441270053386688,0.08097733557224274,268.7217712402344
vs_0026,REAL,620.6252852999945,656.5976918620855,558.2157258064516,0.04954592511057854,0.02917419746518135,267.14605712890625
vs_0027,REAL,1613.1308108028368,1909.0847459688587,1223.664314516129,0.12257591634988785,0.08148552477359772,235.78221130371094
vs_0028,REAL,609.5439565150579,659.7415136449279,553.1754032258065,0.050192348659038544,0.029543796554207802,278.3292236328125
vs_0029,REAL,1616.895624234042,1909.8205309647662,1231.8548387096773,0.12423927336931229,0.08147017657756805,238.28106689453125
vs_0030,REAL,610.3178499210327,659.3686017361156,548.0090725806451,0.05012140050530434,0.029559260234236717,278.3292236328125
vs_0031,REAL,1609.2636287639295,1906.0919414745101,1217.867943548387,0.1213461384177208,0.08146844059228897,239.8934783935547
vs_0032,REAL,609.061851805679,660.7978572697398,548.1350806451613,0.04949074238538742,0.029551155865192413,276.447509765625
vs_0033,REAL,1613.0840838781749,1911.9535731412714,1220.640120967742,0.12221328914165497,0.08145394176244736,235.67279052734375
vs_0034,REAL,607.3409337293374,661.9295135045942,546.4969758064516,0.04907293617725372,0.02955501712858677,278.07513427734375
vs_0054,FAKE,2240.6087428896785,2465.7653932114854,325.4788306451613,0.10180368274450302,0.09176040440797806,135.36349487304688
vs_0053,FAKE,2271.745592389226,2447.6308996261696,397.68145161290323,0.1071011945605278,0.09179626405239105,165.0457763671875
vs_0005,REAL,2251.362969727485,2457.124387518502,355.0907258064516,0.10639958828687668,0.09177996963262558,145.4130859375
vs_0050,FAKE,2298.7353761040395,2436.9553255112583,453.37701612903226,0.10624980926513672,0.09180532395839691,188.1298065185547
vs_0006,REAL,1629.7660659091325,1896.904302957548,1260.0806451612902,0.12766847014427185,0.08262035250663757,247.17250061035156
vs_0048,FAKE,1654.296669014196,1873.4263577640972,1266.1290322580646,0.1245388388633728,0.0825294777750969,259.18841552734375
vs_0001,REAL,1626.6047107446948,1891.1856235522298,1247.2278225806451,0.12643080949783325,0.0823851153254509,241.04092407226562
vs_0047,FAKE,1626.6047107446948,1891.1856235522298,1247.2278225806451,0.12643080949783325,0.0823851153254509,241.04092407226562
vs_0051,FAKE,2251.362969727485,2457.124387518502,355.0907258064516,0.10639958828687668,0.09177996963262558,145.4130859375
vs_0049,FAKE,2254.5690852562375,2460.3554661924945,357.98891129032256,0.1053038164973259,0.09179700165987015,148.19345092773438
vs_0002,REAL,1654.296669014196,1873.4263577640972,1266.1290322580646,0.1245388388633728,0.0825294777750969,259.18841552734375
vs_0041,REAL,1615.3905762481666,1904.3130655236992,1207.913306451613,0.11857125163078308,0.08099188655614853,237.16099548339844
vs_0042,REAL,612.6778279451172,662.9638774602633,559.4758064516129,0.04965629056096077,0.029379168525338173,258.4181213378906
vs_0043,REAL,1613.983294063947,1911.8184153262848,1191.1542338709678,0.11900482326745987,0.08098000288009644,237.81443786621094
vs_0044,REAL,614.4280928790594,661.6065241071391,554.9395161290323,0.050405196845531464,0.02935807593166828,258.65679931640625
vs_0045,REAL,1611.6164012416368,1907.0268033988568,1187.373991935484,0.11830322444438934,0.08097556978464127,235.43585205078125
vs_0046,REAL,610.0728100368133,660.8273745267963,550.5292338709677,0.04825308173894882,0.02936527505517006,258.4845275878906
vs_0052,FAKE,1629.7660659091325,1896.904302957548,1260.0806451612902,0.12766847014427185,0.08262035250663757,247.17250061035156
vs_0003,REAL,2254.5690852562375,2460.3554661924945,357.98891129032256,0.1053038164973259,0.09179700165987015,148.19345092773438
vs_0007,REAL,1623.69289491713,1900.761744415506,1271.6733870967741,0.12665942311286926,0.08146669715642929,240.4451904296875
vs_0008,REAL,614.2016995737581,660.1846280943465,550.6552419354839,0.051043737679719925,0.02943175472319126,278.3003234863281
vs_0009,REAL,1626.7920362318528,1905.9204465120135,1263.9868951612902,0.12703780829906464,0.08148295432329178,241.7995147705078
vs_0010,REAL,611.6886099761656,661.5448464801077,553.1754032258065,0.05029483139514923,0.02943585440516472,278.72314453125
vs_0011,REAL,1627.7864360955073,1903.8070241017438,1275.453629032258,0.12737677991390228,0.0814489871263504,236.9233856201172
vs_0012,REAL,608.2583607177921,658.4379771485037,546.1189516129032,0.05082300305366516,0.02944427914917469,278.72314453125
vs_0013,REAL,1633.4982979373528,1905.8099355497138,1273.311491935484,0.12710875272750854,0.08147456496953964,239.6160888671875
vs_0014,REAL,611.640493642941,658.8213043937895,554.3094758064516,0.049348846077919006,0.02943417802453041,269.99078369140625
vs_0015,REAL,1631.7635093740978,1903.0611676426458,1262.0967741935483,0.12815722823143005,0.08145798742771149,237.18357849121094
vs_0016,REAL,609.3385996511583,657.1679408420152,544.858870967742,0.04975089058279991,0.029432516545057297,278.3003234863281
vs_0017,REAL,1628.0788173546318,1907.6119342294623,1253.2762096774193,0.12680131196975708,0.08146800100803375,239.4759063720703
vs_0018,REAL,607.7393194251636,658.894976882514,548.6391129032259,0.04874972254037857,0.02943418174982071,278.72314453125
vs_0055,FAKE,2299.7662522414967,2422.687802543305,473.664314516129,0.1083388552069664,0.09180163592100143,200.00050354003906
vs_0004,REAL,2298.7353761040395,2436.9553255112583,453.37701612903226,0.10624980926513672,0.09180532395839691,188.1298065185547
